<?xml version="1.0" encoding="UTF-8" standalone="yes"?>
<addon id="repository.vibox.vn" version="1.2.2.4" name="*[COLOR gold]Vibox.vn[/COLOR] Repository" provider-name="vibox.vn">	
<requires>
		<import addon="xbmc.addon" version="12.0.0"/>
	</requires>
	<extension point="xbmc.addon.repository" name="*[COLOR gold]Vibox.vn[/COLOR] Repository">
		<info compressed="true">https://raw.github.com/vibox/vibox.vn/master/addons.xml</info>
		<checksum>https://raw.github.com/vibox/vibox.vn/master/addons.xml.md5</checksum>
		<datadir zip="true">https://github.com/vibox/vibox.vn/raw/master/zips/</datadir>
		<dir>
			<info compressed="true">http://repo.kodi.vn/00-VMFrepo/addons.xml</info>
			<checksum>http://repo.kodi.vn/00-VMFrepo/addons.xml.md5</checksum>
			<datadir zip="true">http://repo.kodi.vn/00-VMFrepo/</datadir>
		</dir>
		<dir>
			<info compressed="true">https://raw.githubusercontent.com/thaitni/xbmc.repo.xshare/master/addons.xml</info>
			<checksum>https://raw.githubusercontent.com/thaitni/xbmc.repo.xshare/master/addons.xml.md5</checksum>
			<datadir zip="true">https://raw.githubusercontent.com/thaitni/xbmc.repo.xshare/master</datadir>
		</dir>
		<dir>
			<info compressed="false">http://thong.viettv24.com/kodi4vn/addons.xml</info>
			<checksum>http://thong.viettv24.com/kodi4vn/addons.xml.md5</checksum>
			<datadir zip="true">http://thong.viettv24.com/kodi4vn/</datadir>
		</dir>
		<dir>
			<info compressed="true">https://raw.github.com/thanhnguyenphu/hdplay.kodi/master/addons.xml</info>
			<checksum>https://raw.github.com/thanhnguyenphu/hdplay.kodi/master/addons.xml.md5</checksum>
			<datadir zip="true">https://github.com/thanhnguyenphu/hdplay.kodi/raw/master/zips/</datadir>
		</dir>
		<dir>
			<info compressed="false">https://github.com/CastagnaIT/repository.castagnait/raw/master/addons.xml</info>
			<checksum>https://github.com/CastagnaIT/repository.castagnait/raw/master/addons.xml.md5</checksum>
			<datadir zip="true">https://github.com/CastagnaIT/repository.castagnait/raw/master/zip</datadir>
		</dir>
		<dir>
		<dir>
			<info compressed="false">https://raw.githubusercontent.com/jsergio123/zips/master/addons.xml</info>
			<checksum>https://raw.githubusercontent.com/jsergio123/zips/master/addons.xml.md5</checksum>
			<datadir zip="true">https://raw.githubusercontent.com/jsergio123/zips/master/</datadir>
		</dir>
	</extension>
	<extension point="xbmc.addon.metadata">
		<summary lang="en">Install addon from Hieuhien.vn's repository</summary>
		<description lang="en">[COLOR red][B]Hieuhien.vn[/COLOR]-[COLOR lime]Repository tap hop cac addon va repo giai tri tren XBMC - Kodi[/B][/COLOR]</description>
		<disclaimer lang="en">Moi noi dung duoc lay tu nguon chia se tren mang Internet vi vay chung toi khong chiu trach nhiem ve noi dung cung nhu su on dinh</disclaimer>
		<email>hotro.hieuhien.vn@gmail.com</email>
		<platform>all</platform>
	</extension>
</addon>