<?xml version="1.0" encoding="UTF-8" standalone="yes"?>
<addon id="script.vibox.kcleaner" name="*Don rac" version="1.0" provider-name="Dalibor Lanik"> <!-- Unique ID and name of the addon -->
  <requires>
    <import addon="xbmc.python" version="2.1.0"/> <!-- Be able to use python in the addon -->
  </requires>
  <extension point="xbmc.python.script" library="default.py">
    <provides></provides>
  </extension>
  <extension point="xbmc.service" library="service.py" start="startup"> <!-- Extend KODI with a service. Start the addon when starting KODI, and run "default.py" -->
        <provides></provides>
  </extension>

  <extension point="xbmc.addon.metadata"> <!-- Additional addon information -->
    <platform>all</platform>
    <website>http://projects.lanik.org/KodiProject_KCleaner.htm</website>
    <summary lang="en">Clean up temporary files in Kodi.</summary>
    <license>GNU GENERAL PUBLIC LICENSE. Version 2, June 1991</license>
    <forum>http://forum.kodi.tv/showthread.php?tid=307919</forum>
    <email>dalibor@lanik.org</email>
    <description lang="en">Clean up temporary files in Kodi.</description>
    <news>v1.6 [CR]
- Option not to delete latest (1-4) package(s) [CR]
</news>
    <assets>
        <icon>icon.png</icon>
        <fanart>fanart.jpg</fanart>
        <screenshot>resources/screenshot-01.jpg</screenshot>
        <screenshot>resources/screenshot-02.jpg</screenshot>
        <screenshot>resources/screenshot-03.jpg</screenshot>
        <banner>resources/banner.jpg</banner>
        <logo>resources/logo.png</logo>
    </assets>
  </extension>
</addon>
