<?xml version="1.0" encoding="UTF-8" standalone="yes"?>
<addon id="service.subtitles.subscene"
       name="Subscene.com"
       version="1.7.2.8.2"
       provider-name="CrowleyAJ, Kodi4VN, thuongtin.com">
    <requires>
        <import addon="xbmc.python" version="2.1.0"/>
    </requires>
    <extension point="xbmc.subtitle.module"
               library="service.py"/>
    <extension point="xbmc.addon.metadata">
        <summary lang="en">Get subtitles from Subscene.com and Opensubtitles.org</summary>
        <description lang="en">Search and download subtitles for movies and TV-Series from OpenSubtitles.org. Search in 75 languages, 4.000.000+ subtitles, daily updates.</description>
        <disclaimer lang="en"/>
        <platform>all</platform>
        <language/>
        <license>GNU GENERAL PUBLIC LICENSE. Version 2, June 1991</license>
        <website/>
        <email/>
    </extension>
</addon>
