<?xml version="1.0" encoding="UTF-8" standalone="yes"?>
<addon id="plugin.video.bimozie" name="BimoZie" version="0.0.5" provider-name="billy.nguyen">
    <requires>
        <import addon="xbmc.python" version="2.25.0"/>
        <import addon="script.module.beautifulsoup4" version="4.3.1"/>
        <import addon="script.module.pycryptodome" version="3.4.1" optional="true"/>
        <import addon="script.module.urlresolver"/>
    </requires>
    <extension point="xbmc.python.pluginsource" library="default.py">
        <provides></provides>
    </extension>
    <extension point="xbmc.addon.metadata">
        <summary>Bimozie addon</summary>
        <description>This plugin allows you to watch movies from several vietnamese websites likes bilutv phimmedia...
        </description>
        <disclaimer>The provider is not responsible for any issues caused by using this addon.
        </disclaimer>
        <platform>all</platform>
        <email>billythekidsde@gmail.com</email>
        <source>https://github.com/billythekids/plugin.video.bimozie</source>
    </extension>
</addon>